{
  "L1_LOW_flash": 0.9500000000000001,
  "L1_HIGH_flash": 0.8500000000000001,
  "L5_LOW_flash": 0.9500000000000001,
  "L5_HIGH_flash": 0.45,
  "L5_HIGH_pro": 0.9
}